id_public,prefix,name,registration
CTC2843,TOM,Loup,
CTC2844,SIL,Petit Coeur,
CTC2845,TOM,Quinzelle,
CTC2846,TOM,Jordskott,
CTC2847,MS,Furrya,
CTC2848,AM,Meli,
CTC2849,TOM,Anaire,
CTC2850,TOM,Mandarine,
CTC2851,TOM,Leodagan,
CTC2852,TOM,Zoya,
CTC2853,AM,Melo,
CTC2854,MM,Yin,L7-F4
CTC2855,MM,Lucian,L7-M3
CTC2856,MM,Bugs,O7-M1
CTC2857,MM,Ewok,CO-M5
CTC2858,MM,Bounty,LY-F2
CTC2859,MM,Lylian,LY-M1
CTC2860,MM,Yasuo,LY-M2
CTC2861,MM,Your Wildest Dream,Y7-F2
CTC2862,MM,You Bet I'm Sweet,Y7-F5
CTC2863,MM,Yusei,Y7-M4
CTC2864,MM,Yuzo,Y7-M5
CTC2865,DA,Jack,
CTC2866,N,Sirius,
CTC2867,N,Cissy,
CTC2868,KW,Miyuki,
CTC2869,STD,Charly,
CTC2870,TOM,Blue Light,
CTC2871,OP,Tango,
CTC2872,OP,Blue Stuff,
CTC2873,TOM,Lumos,
CTC2874,OP,Blue,
CTC2875,TOM,Coconut,
CTC2876,IND,Halifax,
CTC2877,TOM,Pain D'epice,
CTC2878,TOM,Midnight,
CTC2879,TOM,Allistair,
CTC2880,IND,Sueda,
CTC2881,TOM,Goliath,
CTC2882,TOM,Valga,
CTC2883,IND,Kiyako,
CTC2884,TnS,Dango,
CTC2885,KW,Ichiro,
CTC2886,KW,Sylvester,
CTC2887,MLP,Pompom,
CTC2888,MM,Incognito,I7-M3
CTC2889,MM,Declan,D8-M1
CTC2890,IND,Oliver,
CTC2891,MAM,Zhabelle,
CTC2892,TnS,Ayata,
CTC2893,MM,Ivan,I7-M4
CTC2894,MM,Ice,I7-M5
CTC2895,MM,Imperial,I7-M1
CTC2896,SM,Spot,
CTC2897,SM,Granite,
CTC2898,SM,Dottets,
CTC2899,MM,Harvey,H7-M2
CTC2900,HL,Serato,
CTC2901,SM,Darkness,
CTC2902,KW,Ferrero,
CTC2903,MM,Jeriko,J7-M2
CTC2904,MM,Marty,Q7-M1
CTC2905,MZM,Rabiha,
CTC2906,SM,Miss Kheira,
CTC2907,MZM,Onni,
CTC2908,MZM,Odette,
CTC2909,MZM,Orion,
CTC2910,MM,Lavina,
CTC2911,MM,Floris,F7-M2
CTC2912,MM,Chucky,C7-F1
CTC2913,Mohanah,Alvaro,
CTC2914,10tjes,Mufasa,
CTC2915,MM,Dahlia,
CTC2916,MZM,Inaki,
CTC2917,MZM,Inez,
CTC2918,MZM,Ilona,
CTC2919,LB,Runa,
CTC2920,LB,ChiChi,
CTC2921,HL,Venom,
CTC2922,LB,Fearless,
CTC2923,HL,Quecksilber,
CTC2924,LB,Pebbles,
CTC2925,DM,Tigger,
CTC2926,MZM,Balki,
CTC2927,MZM,Ardor,
CTC2928,MZM,Astera,
CTC2929,MAM,Sativa,
CTC2930,LB,Koda,
CTC2931,KW,Arin,
CTC2932,IND,Flint,
CTC2933,IND,Gwen,
CTC2934,SA,Sera,
CTC2935,IND,Tuk,
CTC2936,IND,Shades,
CTC2937,IND,Flurry,
CTC2938,IND,Toura,
CTC2939,Mohanah,Bona,
CTC2940,Mohanah,Mort,
CTC2941,Mohanah,Kokoszka,
CTC2942,Mohanah,Virus,
CTC2943,Mohanah,Hrabia,
CTC2944,Mohanah,Klin,
CTC2945,Mohanah,Azilla,
CTC2946,Mohanah,Ararak,
CTC2947,Mohanah,Fontanna,
CTC2948,Mysigonek,Rakan,
CTC2949,Mysigonek,Lemon,
CTC2950,Mysigonek,Olivia,
CTC2951,Mysigonek,Driada,
CTC2952,Mysigonek,Nagietek,
CTC2953,Mysigonek,Iza,
CTC2954,Mysigonek,Limonka,
CTC2955,Mysigonek,Tadzio,
CTC2956,Mysigonek,Kamyk,
CTC2957,Mysigonek,Andie,
CTC2958,Mysigonek,Likier,
CTC2959,Mysigonek,Bazia,
CTC2960,Mysigonek,Jasmin,
CTC2961,Mysigonek,Ella,
CTC2962,Mysigonek,Ekierka,
CTC2963,Mysigonek,Borowka,
CTC2964,Mysigonek,Chmurek,
CTC2965,Mysigonek,Bekon,
CTC2966,Mysigonek,Okrajka,
CTC2967,Ray's,Tapioka,
CTC2968,Ray's,Utopia,
CTC2969,Ray's,Aspiracja,
CTC2970,Ray's,Wenflon,
CTC2971,Ray's,Kreska,
CTC2972,Ray's,Quentin,
CTC2973,Ray's,Viego,
CTC2974,Ray's,Vanya,
CTC2975,Ray's,Pak Choi,
CTC2976,Ray's,Valkyrie,
CTC2977,Ray's,Astaksantyna,
CTC2978,Ray's,Sangria,
CTC2979,Ray's,Mimir,
CTC2980,Ray's,Iris,
CTC2981,Ray's,Aloy,
CTC2982,Ray's,Ulva,
CTC2983,Ray's,Eleanor,
CTC2984,Ray's,Ulrik,
CTC2985,Ray's,Braga,
CTC2986,Ray's,Budleja,
CTC2987,Ray's,Jarvan,
CTC2988,Ray's,Starstruck,
CTC2989,Ray's,Fanta,
CTC2990,MLD,Besser,
CTC2991,Dragon's,Hunaja,
CTC2992,Dragon's,9,
CTC2993,Dragon's,Non,
CTC2994,Dragon's,Pist aasi pahkina,
CTC2995,Dragon's,Hiiman,
CTC2996,Dragon's,Bongo,
CTC2997,Z Gryzakowa,Bazylia,
CTC2998,Z Gryzakowa,Brokul,
CTC2999,Z Gryzakowa,Syn Knurka,
CTC3000,Z Gryzakowa,Sunset,
CTC3001,Z Gryzakowa,Bodzio,
CTC3002,Z Gryzakowa,Perla,
CTC3003,Z Gryzakowa,Mr Nude Bigear,
CTC3004,Z Gryzakowa,Fox,
CTC3005,Z Gryzakowa,Goldie,
CTC3006,Z Gryzakowa,Chinchilla,
CTC3007,Paradox,Chinchilla,
CTC3008,Paradox,Liquid Silver,
CTC3009,Halmaus,Brylka,
CTC3010,Halmaus,Labladka,
CTC3011,Aarnikotka,Toototabon,
CTC3012,MOW,Fox,
CTC3013,Paradox,Szylka,
CTC3014,TnS,Katsuro,
CTC3015,IND,Hazel,
CTC3016,IND,Emirah,
CTC3017,IND,Dove Astrex,
CTC3018,G,Rec Fawn Tan,
CTC3019,G,Dove Tan,
CTC3020,G,Champagne,
CTC3021,G,Dove T,
CTC3022,G,Red Tan,
CTC3023,G,Fawn Tan 3,
CTC3024,G,Fawn Tan 2,
CTC3025,G,Dots,
CTC3026,G,Fawn Tan,
CTC3027,G,Fawn Tan Satin,
CTC3028,G,Ruby,
CTC3029,G,Silvaros,
CTC3030,SG,Sepia Fox,
CTC3031,SG,Bluetooth,
CTC3032,SG,Choco Tan,
CTC3033,SG,Lilac Tan 2,
CTC3034,SG,Lilac Tan Satin,
CTC3035,SG,Lilac Tan,
CTC3036,SG,Mr. Grey,
CTC3037,HL,Lara Croft,
CTC3038,HL,Elmo,
CTC3039,HL,Elly,
CTC3040,TOM,Africa,
CTC3041,DA,Luca,
CTC3042,MLD,M,
CTC3043,MLD,F,
CTC3044,PVK,Fawn,
CTC3045,PVK,Snowtiger,
CTC3046,AM,Puck,
CTC3047,AM,Red,
CTC3048,DM,Shiney,
CTC3049,M3's,Venla,
CTC3050,MB,Zaza,
CTC3051,Terra,Red SH,
CTC3052,Terra,Red,
CTC3053,Terra,Tricolor,
CTC3054,LVD,Father,
CTC3055,LVD,Mother,
CTC3056,IND,Jinx,
CTC3057,SM,Little Touche,
CTC3058,SM,#10361,
CTC3059,SM,#10362,
CTC3060,SM,#10364,
CTC3061,SM,#10365,
CTC3062,SM,Saniya,
CTC3063,SM,#10352,
CTC3064,SM,#10354,
CTC3065,SM,#10355,
CTC3066,SM,#10356,
CTC3067,SM,#10357,
CTC3068,SM,All That Jazz,
CTC3069,SM,#10339,
CTC3070,SM,#10347,
CTC3071,SM,Zavaros,
CTC3072,MM,Itsu,M5-M6
CTC3073,MM,S6-M1,S6-M1
CTC3074,MM,S6-M5,S6-M5
CTC3075,MM,Aydenn,A7-M4
CTC3076,MM,A7-M1,A7-M1
CTC3077,MM,Eppe,C7-M1
CTC3078,MM,C7-M7,C7-M7
CTC3079,MM,C7-M5,C7-M5
CTC3080,MM,C7-M4,C7-M4
CTC3081,MM,C7-M2,C7-M2
CTC3082,MM,C7-M3,C7-M3
CTC3083,MM,B7-M3,B7-M3
CTC3084,MM,B7-M2,B7-M2
CTC3085,MM,B7-M1,B7-M1
CTC3086,MM,D7-M1,D7-M1
CTC3087,MM,D7-M2,D7-M2
CTC3088,MM,Celaeno,
CTC3089,MM,E7-M2,E7-M2
CTC3090,MM,E7-M3,E7-M3
CTC3091,MM,E7-M4,E7-M4
CTC3092,MM,E7-M5,E7-M5
CTC3093,MM,E7-M6,E7-M6
CTC3094,MM,Chandler,E7-M1
CTC3095,MM,Ross,I7-M2
CTC3096,MM,CO-M4,CO-M4
CTC3097,MM,CO-M2,CO-M2
CTC3098,MM,Jupiter,CO-M1
CTC3099,MM,LY-M4,LY-M4
CTC3100,MM,Honeybee,L7-M4
CTC3101,MM,L7-M7,L7-M7
CTC3102,MM,L7-M2,L7-M2
CTC3103,MM,L7-M5,L7-M5
CTC3104,MM,Erebor,K7-M3
CTC3105,MM,Oshawott,K7-M1
CTC3106,MM,J7-M1,J7-M1
CTC3107,MM,N7-M1,N7-M1
CTC3108,MM,S7-M3,S7-M3
CTC3109,MM,T7-M1,T7-M1
CTC3110,MM,X7-M9,X7-M9
CTC3111,MM,X7-M8,X7-M8
CTC3112,MM,X7-M5,X7-M5
CTC3113,MM,X7-M2,X7-M2
CTC3114,MM,X7-M1,X7-M1
CTC3115,MM,W7-M4,W7-M4
CTC3116,MM,W7-M3,W7-M3
CTC3117,MM,Y7-M8,Y7-M8
CTC3118,MM,Y7-M6,Y7-M6
CTC3119,MM,Y7-M3,Y7-M3
CTC3120,MM,Z7-M3,Z7-M3
CTC3121,MM,Z7-M5,Z7-M5
CTC3122,MM,Z7-M4,Z7-M4
CTC3123,MM,Z7-M1,Z7-M1
CTC3124,SM,Black Jack,
CTC3125,TnS,Impressive,
CTC3126,MM,G8-M3,G8-M3
CTC3127,MM,Black Ebony,
CTC3128,MM,Kyona,
CTC3129,MM,Verena,
CTC3130,LB,Liberty,
CTC3131,LB,Leilani,
CTC3132,LB,Nessa,
CTC3133,LB,Sunshine,
CTC3134,MM,Cocktail,M5-F3
CTC3135,MM,S6-F3,S6-F3
CTC3136,MM,Aurora,A6-F2
CTC3137,MM,Atena,A6-F3
CTC3138,MM,Snuitje,C6-F2
CTC3139,MM,Felicitas,D6-F3
CTC3140,MM,D6-F2,D6-F2
CTC3141,MM,C6-F1,C6-F1
CTC3142,MM,Spits,V6-F2
CTC3143,MM,Liv,A7-F6
CTC3144,MM,Linny,A7-F1
CTC3145,MM,Dobby,A7-F4
CTC3146,MM,A7-F5,A7-F5
CTC3147,MM,Caramella,C7-F2
CTC3148,MM,Bueno,B7-F2
CTC3149,MM,Balista,B7-F1
CTC3150,MM,B7-F3,B7-F3
CTC3151,MM,Rachel,C7-F3
CTC3152,MM,Sandy,D7-F3
CTC3153,MM,Dervila,D7-F2
CTC3154,MM,Ivy,D7-F1
CTC3155,LB,Saige,
CTC3156,MM,G7-F3,G7-F3
CTC3157,MM,G7-F2,G7-F2
CTC3158,MM,Millie,H7-F5
CTC3159,MM,Heartside,H7-M1
CTC3160,MM,Kraaltje,H7-F1
CTC3161,MM,Boki,I7-F2
CTC3162,MM,Lotje,CO-F3
CTC3163,MM,Onyah,CO-F2
CTC3164,MM,LY-F3,LY-F3
CTC3165,MM,LY-F1,LY-F1
CTC3166,MM,M7-F1,M7-F1
CTC3167,MM,L7-F2,L7-F2
CTC3168,MM,L7-F1,L7-F1
CTC3169,MM,L7-F5,L7-F5
CTC3170,MM,Tauret,K7-F3
CTC3171,MM,K7-F1,K7-F1
CTC3172,MM,J7-F2,J7-F2
CTC3173,MM,P7-F3,P7-F3
CTC3174,MM,P7-F2,P7-F2
CTC3175,MM,Kaylani,S7-F1
CTC3176,MM,Twenty,T7-F3
CTC3177,MM,Twiggy,T7-F4
CTC3178,MM,Twice,T7-F2
CTC3179,MM,Y7-F4,Y7-F4
CTC3180,MM,Y7-F3,Y7-F3
CTC3181,MM,Z7-F2,Z7-F2
CTC3182,MM,Z7-F1,Z7-F1
CTC3183,MM,Faith in You,F8-F1
CTC3184,MM,Google,G8-F7
CTC3185,MM,G8-F4,G8-F4
CTC3186,MM,Giegel,G8-F2
CTC3187,MM,G8-F1,G8-F1
CTC3188,MM,Wonder Boy,W7-M1
CTC3189,MM,Gannon,G8-M2
CTC3190,MM,Gaenora,G8-F3
CTC3191,MM,Twarres,T7-F1
CTC3192,MM,Gage,G7-M4
CTC3193,MM,Drama Queen,
CTC3194,MM,Knight On Socks,V7-M1
CTC3195,CMM,Empress Nightfall,
CTC3196,MM,Waverly Wishes,W7-F1
CTC3197,MM,Fornax,W7-M2
CTC3198,MM,Bronzed Black,B8-F1
CTC3199,MM,Breaking News,B8-F2
CTC3200,TnS,Osaka,
CTC3201,MM,California Blue,C8-F1
CTC3202,MM,Miki,
CTC3203,MM,Queena,Q7-F2
CTC3204,MM,Quisha,Q7-F1
CTC3205,BE,Mees,
CTC3206,MJ,Royal Blue,
CTC3207,MM,Sorlut,A7-M2
CTC3208,MM,Croque Monsieur,F7-M1
CTC3209,MM,Argento,S7-M2
CTC3210,MM,Creuse,Z7-F3
CTC3211,MM,Tarbot,
CTC3212,PLX,Americano,PLX-A1-M02
CTC3213,Dragon's,Alvari,
CTC3214,ZR,Licorice,
CTC3215,IND,Chocolate Swirl,
CTC3216,TnS,Stephane,P184-M1
CTC3217,TnS,Raiden,Q6-M2
CTC3218,TnS,Noah,P188-M3
CTC3219,TnS,League's Malphite,
CTC3220,CMM,Heaven's Cotton,
CTC3221,MB,Lux,
CTC3222,CMM,Golden Way,
CTC3223,CMM,Darude Sandstorm Darude,
CTC3224,CMM,Desert Diva,
CTC3225,TnS,Toshiko,
CTC3226,TnS,Maokai,
CTC3227,PVK,Nala,
CTC3228,CMM,League's Rakan,
CTC3229,CMM,Prince Charming,
CTC3230,KW,Reign,
CTC3231,CMM,Queen Tigress,
CTC3232,MM,Enova,E7-F3
CTC3233,MM,Perfect Penelope,P7-F4
CTC3234,CMM,Sushi,
CTC3235,MLP,Montana,
CTC3236,TnS,Temaki,
CTC3237,TnS,Teruma,
CTC3238,LB,Priya,
CTC3239,TnS,Sayuri,
CTC3240,TnS,Takane,
CTC3241,TnS,Miyoko,
CTC3242,CMM,Atlantic Elegance,
CTC3243,SM,Esmeralda's Empress,
CTC3244,CMM,Brave Babydoll,
CTC3245,IND,Fluffy Fantasy,
CTC3246,MJ,Risky Business,
CTC3247,MJ,Pearl Perfection,
CTC3248,MJ,Cola,
CTC3249,MM,Everlasting Beauty,E8-F1
CTC3250,CMM,Woda,
CTC3251,CMM,Saia,
CTC3252,SM,Stok,
CTC3253,SM,Staartje,
CTC3254,MB,Big Momma,
CTC3255,SM,#10986,
CTC3256,SM,Fakie,
CTC3257,SM,Kickflip,
CTC3258,SM,Mira,
CTC3259,SM,Ot,
CTC3260,SM,Sien,
CTC3261,SM,Ollie,
CTC3262,SM,Shadow,
CTC3263,SM,Snuf,
CTC3264,SM,Snuif,
CTC3265,LVD,Mr. Grey,
CTC3266,MM,Gandalf,H8-M1
CTC3267,MM,Enya,H8-F2
CTC3268,MM,H8-F3,H8-F3
CTC3269,MM,Lady Grey,H8-F1
CTC3270,MM,Lapiz Lazuli,H8-F4
CTC3271,SM,#10984,
CTC3272,SM,#10983,
CTC3273,SM,Miss Bianca,
CTC3274,SM,Onyx,
CTC3275,CMM,Divine Fortune,
CTC3276,CMM,Tumke,
CTC3277,M3's,Pumpkin Spice,
CTC3278,M3's,Buttons,
CTC3279,M3's,Socks,
CTC3280,M3's,Mahogany,
CTC3281,M3's,Copper,
CTC3282,M3's,Anise,
CTC3283,M3's,Pickle,
CTC3284,CMM,Puffin,
CTC3285,CMM,Truffle,
CTC3286,SM,Tricola,
CTC3287,SM,#10988,
CTC3288,MM,Y7-M7,Y7-M7
CTC3289,MM,Wyneken,W7-M6
CTC3290,MM,Wonwoo,W7-M7
CTC3291,MM,W7-M5,W7-M5
CTC3292,MM,X7-M3,X7-M3
CTC3293,MM,Xevat,X7-M4
CTC3294,MM,Xerxes,X7-M7
CTC3295,MM,Xion,X7-M6
CTC3296,MM,W7-M8,W7-M8
CTC3297,MM,G8-M1,G8-M1
CTC3298,MM,G8-F6,G8-F6
CTC3299,MM,G8-F5,G8-F5
CTC3300,IND,Tesla,
CTC3301,MOW,Skylar,
CTC3302,IND,Hein,
CTC3303,IND,Peach,
CTC3304,IND,Blue,
CTC3305,IND,Hera,
CTC3306,IND,Tic,
CTC3307,SDV,Kintaro,
CTC3308,FF,M Red,
CTC3309,FF,F Blue,
CTC3310,MB,Mercury Mystic,
CTC3311,MB,Blue's Clue's,
CTC3312,IND,Dixie,
CTC3313,Ray's,Pina,
CTC3314,KHE,Mask,
CTC3315,KHE,Dotts,
CTC3316,CS,Gizmo,
CTC3317,MM,Ifrit,I8-M1
CTC3318,MM,I8-M2,I8-M2
CTC3319,MM,I8-M3,I8-M3
CTC3320,MM,I8-M5,I8-M5
CTC3321,MM,Skrei,I8-F1
CTC3322,MM,Flipje,I8-F3
CTC3323,MM,I8-F4,I8-F4
CTC3324,MM,J8-M1,J8-M1
CTC3325,MM,Jaime,J8-F1
CTC3326,MM,Stoetel,J8-F2
CTC3327,MM,J8-F3,J8-F3
CTC3328,MM,J8-F4,J8-F4
CTC3329,MM,Jolie,J8-F5
CTC3330,MM,Polly,
CTC3331,SZ,Polski,
CTC3332,MM,Black tan,
CTC3333,MM,K8-M1,K8-M1
CTC3334,MM,K8-M5,K8-M5
CTC3335,MM,Maple Glaze,K8-F1
CTC3336,MM,K8-F2,K8-F2
CTC3337,MM,K8-F3,K8-F3
CTC3338,MM,Lucy Fur,K8-F4
CTC3339,FM,Astrex Siamese,
CTC3340,FM,Siamese,
CTC3341,FM,Senka,
CTC3342,Dragon's,BP siamese LH,
CTC3343,HvR,Siamese,
CTC3344,TnS,Fortis,
CTC3345,IND,M Black Merle,
CTC3346,IND,F Black Merle,
CTC3347,Mohanah,Wik,
CTC3348,Mohanah,L10,
CTC3349,Mohanah,O10,
CTC3350,FM,Natalya,
CTC3351,Mohanah,Matrioszka,
CTC3352,Mohanah,Prezes,
CTC3353,Mohanah,Mimoza,
CTC3354,Mohanah,Harcerz,
CTC3355,Mohanah,Gia,
CTC3356,Jedwab,Paradox,
CTC3357,Mohanah,Bablebee,
CTC3358,FM,Bootsy,
CTC3359,ECLS,Yugo,
CTC3360,ECLS,Ragnar,
CTC3361,ECLS,Riu,
CTC3362,FM,Tricolor 21,
CTC3363,FM,Splashed Siamese,
CTC3364,FM,Tricolor 20,
CTC3365,FM,Splashed,
CTC3366,MS,Thor,
CTC3367,FM,Tricolor 19,
CTC3368,MS,Tricolor,
CTC3369,FM,Tricolor 18,
CTC3370,LVM,Tricolor,
CTC3371,ECLS,Shijoo,
CTC3372,ECLS,Isumi,
CTC3373,TnS,Kenotte,
CTC3374,TnS,Katana,
CTC3375,FKM,Plume D'Argent,
CTC3376,MS,SkweetHeart,
CTC3377,IND,Miliki,
CTC3378,ECLS,M Red,
CTC3379,ECLS,Yumi,
CTC3380,ECLS,Chocolate,
CTC3381,ECLS,Bounty,
CTC3382,MM,L8-M3,L8-M3
CTC3383,MM,L8-M4,L8-M4
CTC3384,MM,L8-F1,L8-F1
CTC3385,MM,L8-F2,L8-F2
CTC3386,MM,Linux,L8-F4
CTC3387,KW,Koda,
CTC3388,CMM,Anivia,
CTC3389,CMM,Sudoku,
CTC3390,CoCM,Lesharo,
CTC3391,CoCM,Peppels,
CTC3392,ZC,Blizzard,
CTC3393,M3's,Cupid's Arrow,
CTC3394,CMM,Perfect Alibi,
CTC3395,CMM,Pandora,
CTC3396,MK,Bluey,
CTC3397,M3's,Minoes,
CTC3398,CMM,Chokotoff,
CTC3399,M3's,Djenga,
CTC3400,BE,Blues Clues,
CTC3401,MK,Blissfull Breeze,
CTC3402,CMM,Extraordinary,
CTC3403,M3's,Fire Star,
CTC3404,M3's,Fire Moon,
CTC3405,CMM,Stunnin' Saffron,
CTC3406,CMM,Beige Boogie,
CTC3407,ZC,Mocha Mystery,
CTC3408,ZC,Lilac Lightning,
CTC3409,MK,Rst Man,
CTC3410,MK,Rst Vrouw,
CTC3411,MK,Man,
CTC3412,MK,Vrouw,
CTC3413,ZC,Rst Male,
CTC3414,ZC,Rst Female,
CTC3415,ZC,Tri Male,
CTC3416,ZC,Tri Female,
CTC3417,CS,Daffy,
CTC3418,CS,Shego,
CTC3419,CS,Myst,
CTC3420,MM,M8-M1,M8-M1
CTC3421,MM,M8-M3,M8-M3
CTC3422,MM,M8-M4,M8-M4
CTC3423,MM,M8-M5,M8-M5
CTC3424,MM,M8-M6,M8-M6
CTC3425,MM,M8-M7,M8-M7
CTC3426,MM,M8-M8,M8-M8
CTC3427,MM,M8-M9,M8-M9
CTC3428,MM,M8-F1,M8-F1
CTC3429,MM,M8-F2,M8-F2
CTC3430,MM,M8-F3,M8-F3
CTC3431,MM,M8-F4,M8-F4
CTC3432,MM,N8-M1,N8-M1
CTC3433,MM,N8-M2,N8-M2
CTC3434,MM,Nitro,N8-F1
CTC3435,MM,N8-F2,N8-F2
CTC3436,MM,Nutmeg,N8-F3
CTC3437,MM,N8-F4,N8-F4
CTC3438,MM,Nightingale,N8-F5
CTC3439,MM,O8-M1,O8-M1
CTC3440,MM,O8-M2,O8-M2
CTC3441,MM,O8-M3,O8-M3
CTC3442,MM,O8-M4,O8-M4
CTC3443,MM,Oaklyn,O8-F1
CTC3444,MM,O8-F2,O8-F2
CTC3445,MM,O8-F3,O8-F3
CTC3446,MM,O8-F4,O8-F4
CTC3447,MM,O8-M5,O8-M5
CTC3448,MM,O8-M6,O8-M6
CTC3449,MM,O8-M7,O8-M7
CTC3450,MM,O8-M8,O8-M8
CTC3451,MM,Phenomenon,P8-M1
CTC3452,MM,P8-M2,P8-M2
CTC3453,MM,P8-M3,P8-M3
CTC3454,MM,Prada,P8-F1
CTC3455,MM,P8-F2,P8-F2
CTC3456,MM,P8-F3,P8-F3
CTC3457,MM,P8-F4,P8-F4
CTC3458,MM,Q8-M2,Q8-M2
CTC3459,MM,Q8-M3,Q8-M3
CTC3460,MM,Quest,Q8-F1
CTC3461,MM,Q8-F2,Q8-F2
CTC3462,MM,Q8-F3,Q8-F3
CTC3463,MM,Q8-F4,Q8-F4
CTC3464,MM,Q8-F5,Q8-F5
CTC3465,MM,Q8-F6,Q8-F6
CTC3466,MM,Q8-F7,Q8-F7
CTC3467,MM,R8-M1,R8-M1
CTC3468,MM,Rhapsody,R8-M2
CTC3469,MM,Rizzoli,R8-F1
CTC3470,MM,R8-F2,R8-F2
CTC3471,MM,Rhiannon,R8-F3
CTC3472,PLX,Dappled Dream,
CTC3473,SR,Moo,
CTC3474,NLB,Splatter,
CTC3475,MM,S8-M1,S8-M1
CTC3476,MM,S8-M2,S8-M2
CTC3477,MM,S8-M3,S8-M3
CTC3478,MM,S8-M4,S8-M4
CTC3479,MM,S8-M5,S8-M5
CTC3480,MM,S8-M6,S8-M6
CTC3481,MM,S8-M7,S8-M7
CTC3482,MM,S8-M8,S8-M8
CTC3483,MM,S8-F1,S8-F1
CTC3484,MM,S8-M9,S8-M9
CTC3485,MM,T8-M1,T8-M1
CTC3486,MM,T8-M2,T8-M2
CTC3487,MM,Treasure,T8-F1
CTC3488,MM,T8-F2,T8-F2
CTC3489,MM,Torchic,T8-F3
CTC3490,MM,Unico,U8-M1
CTC3491,MM,Utopia,U8-F1
CTC3492,MM,Unagi,U8-F2
CTC3493,CMM,Nebula,
CTC3494,CMM,Echo,
CTC3495,CMM,Frosty,
CTC3496,CMM,Max,
CTC3497,CMM,Bold Ballad,
CTC3498,CMM,Reese's Pieces,
CTC3499,MM,V8-M1,V8-M1
CTC3500,MM,V8-M2,V8-M2
CTC3501,MM,V8-M3,V8-M3
CTC3502,MM,V8-M4,V8-M4
CTC3503,MM,V8-M5,V8-M5
CTC3504,MM,V8-M6,V8-M6
CTC3505,MM,V8-M7,V8-M7
CTC3506,MM,Voyager,V8-M8
CTC3507,MM,Velvet,V8-F1
CTC3508,MM,V8-F2,V8-F2
CTC3509,MM,Vanity,V8-F3
CTC3510,MM,Woohoo,W8-F1
CTC3511,MM,Amarillo,A9-M1
CTC3512,MM,Amigo,A9-M2
CTC3513,MM,Apache,A9-M4
CTC3514,MM,Angelface,A9-F1
CTC3515,MM,A9-F2,A9-F2
CTC3516,MM,A9-F4,A9-F4
CTC3517,MM,A9-F5,A9-F5
CTC3518,MM,B9-M1,B9-M1
CTC3519,MM,B9-F1,B9-F1
CTC3520,MM,C9-M1,C9-M1
CTC3521,MM,C9-F1,C9-F1
CTC3522,MM,C9-F2,C9-F2
CTC3523,MM,C9-F3,C9-F3
CTC3524,MM,D9-M2,D9-M2
CTC3525,MM,D9-F1,D9-F1
CTC3526,MM,D9-F4,D9-F4
CTC3527,MS,Beetlejuice,
CTC3528,MK,Marvelous,
CTC3529,FiM,Banshee,
CTC3530,FiM,Smokey,
CTC3531,FiM,Saber,
CTC3532,FiM,Vapor,
CTC3533,MK,Marrón,
CTC3534,FiM,Father Saber,
CTC3535,FiM,Mother Saber,
CTC3536,MS,Father Beetlejuice,
CTC3537,MS,Mother Beetlejuice,
CTC3538,FiM,Father Smokey & Banshee,
CTC3539,FiM,Mother Smokey & Banshee,
CTC3540,FiM,Father Vapor,
CTC3541,FiM,Mother Vapor,
CTC3542,SZ,Trash Panda,
CTC3543,CN,Blondie,
CTC3544,FiM,Father Tinsel,
CTC3545,FiM,Mother Tinsel,
CTC3546,FiM,Tinsel,
CTC3547,FiM,Father Sterling & Chromera,
CTC3548,FiM,Mother Sterling & Chromera,
CTC3549,FiM,Sterling,
CTC3550,FiM,Chromera,
CTC3551,FiM,Father Carriers,
CTC3552,FiM,Mother Shadey & Sparrow,
CTC3553,FiM,Shadey,
CTC3554,FiM,Sparrow,
CTC3555,FiM,Mother Kona,
CTC3556,FiM,Kona,
CTC3557,MK,Perdita,
CTC3558,MK,Carina,
CTC3559,MLD,Merluza,
CTC3560,MLD,Mancha,
CTC3561,MLD,Madeira,
CTC3562,MLD,Rioja,
CTC3563,MLD,Fresas Con Crema,
CTC3564,M3's,Chesnut,
CTC3565,MJ,Obsidian Mystery,
CTC3566,MJ,Mother Marrón,
CTC3567,DE,Tricolor Father,
CTC3568,MK,Mother 1,
CTC3569,MK,Mother 2,
CTC3570,MM,Z8-F1,Z8-F1
CTC3571,MLD,Father 2,
CTC3572,MLD,Mother 2,
CTC3573,MLD,Cerveza,
CTC3574,MLD,Plancha,
CTC3575,MLD,Father,
CTC3576,MLD,Vieja,
CTC3577,M3's,Caña,
CTC3578,MLD,Arroz Con Leche,
CTC3579,MLD,Creme Catalana,
CTC3580,CMM,Sketch,
CTC3581,CMM,Harley,
CTC3582,CMM,Script,
CTC3583,CMM,Blazed Fireball,
CTC3584,MM,Charlatan,Z8-M1
CTC3585,ASDY,Teddy Bear,
CTC3586,FF,Angel,
CTC3587,ECLS,Kokoro,
CTC3588,CS,Bandit,
CTC3589,CMM,Blue Pied,
CTC3590,NLB,Vita,
CTC3591,CMM,Yona Of The Dawn,
CTC3592,CMM,Naruto,
CTC3593,CMM,Graycie,
CTC3594,M3's,Dusty Desert,
CTC3595,M3's,Roadrunner,
CTC3596,CMM,Paisley,
CTC3597,LD,Shimmer,
CTC3598,CMM,Argente,
CTC3599,CMM,Agouti,
CTC3600,CMM,Black,
CTC3601,MM,E9-M1,E9-M1
CTC3602,MM,E9-F1,E9-F1
CTC3603,MM,F9-M1,F9-M1
CTC3604,MM,F9-M2,F9-M2
CTC3605,MM,F9-M3,F9-M3
CTC3606,MM,F9-M4,F9-M4
CTC3607,MM,F9-F1,F9-F1
CTC3608,MM,F9-F2,F9-F2
CTC3609,MM,F9-F3,F9-F3
CTC3610,MM,G9-M2,G9-M2
CTC3611,MM,G9-F1,G9-F1
CTC3612,MM,G9-F3,G9-F3
CTC3613,MM,I9-F1,I9-F1
CTC3614,CMM,Blisstina,
CTC3615,MK,Bella,
CTC3616,LK,Finn Collins,
CTC3617,CMM,Fuego,
CTC3618,CMM,Woozy,
CTC3619,CoCM,Dessert Rose,
CTC3620,CoCM,Golden Delight,
CTC3621,CMM,Mystery Madness,
CTC3622,CoCM,Carino,
CTC3623,CoCM,Niara,
CTC3624,CoCM,General Gambit,
CTC3625,CoCM,Black 'N White Delight,
CTC3626,CMM,Galena,
CTC3627,CS,Female 1,
CTC3628,CS,Female 2,
CTC3629,CMM,Juliet's Embrace,
CTC3630,CMM,Blue Tricolor,
CTC3631,CMM,Black 'N Tan,
CTC3632,M3's,Fawn Merle,
CTC3633,CMM,Texel,
CTC3634,CMM,Mira,
CTC3635,CMM,Akane,
CTC3636,CMM,Hideko,
CTC3637,CMM,Kamiko,
CTC3638,M3's,Baked Goods,
CTC3639,CMM,Hazy Caramel,
CTC3640,CMM,Eros,
CTC3641,CMM,Lucidity,
CTC3642,M3's,Pomegranate Dreams,
CTC3643,MB,Inspire Me,
CTC3644,CMM,Staying Diligence,
CTC3645,CMM,Kayle,
CTC3646,CMM,Gema Oculta,
CTC3647,CMM,Morgana,
CTC3648,CMM,Sokka,
CTC3649,TnS,Mayhem,
CTC3650,CMM,Eska,
CTC3651,CMM,Spikkie,
CTC3652,CMM,Mom,
CTC3653,CMM,Kina,
CTC3654,MK,Spots,
CTC3655,CMM,Navarro,
CTC3656,CMM,Allegria,
CTC3657,CMM,Scarlet Maple,
CTC3658,CMM,Honey Dreams,
CTC3659,CMM,Eros Daughter,
CTC3660,CMM,Agape,
CTC3661,MLD,Bella Dama,
CTC3662,CMM,Faye,
CTC3663,CMM,Cha-Cha,
CTC3664,CMM,Gingertail,
CTC3665,MM,L9-M1,L9-M1
CTC3666,MM,Limited Edition,L9-M2
CTC3667,MM,L9-M3,L9-M3
CTC3668,MM,Lady Blackstar,L9-F1
CTC3669,MM,Lucky Charm,L9-F2
CTC3670,MM,L9-F4,L9-F4
CTC3671,MM,L9-F5,L9-F5
CTC3672,MM,N9-M1,N9-M1
CTC3673,MM,N9-M2,N9-M2
CTC3674,MM,N9-F1,N9-F1
CTC3675,MM,N9-F3,N9-F3
CTC3676,MM,N9-F4,N9-F4
CTC3677,MM,Organized Mess,O9-M1
CTC3678,MM,Bollie,O9-M2
CTC3679,MM,O9-F1,O9-F1
CTC3680,MM,O9-F2,O9-F2
CTC3681,MM,O9-F3,O9-F3
CTC3682,MM,Olivia Twist,O9-F4
CTC3683,MM,Olive,O9-F5
CTC3684,MM,K9-M1,K9-M1
CTC3685,MM,K9-M2,K9-M2
CTC3686,MM,K9-F1,K9-F1
CTC3687,MM,Judías Verdes,J9-M1
CTC3688,MM,J9-M2,J9-M2
CTC3689,MM,Showbizz,J9-M3
CTC3690,MM,J9-M4,J9-M4
CTC3691,MM,M9-M1,M9-M1
CTC3692,MM,M9-M2,M9-M2
CTC3693,MM,Málaga Vino,M9-M4
CTC3694,MM,M9-M5,M9-M5
CTC3695,MM,Mantequilla,M9-F1
CTC3696,MM,Manzanilla,M9-F2
CTC3697,MM,Morcilla,M9-F3
CTC3698,MM,Patchwork Princess,P9-F1
CTC3699,MM,P9-F2,P9-F2
CTC3700,MM,Q9-M1,Q9-M1
CTC3701,MM,Q9-M2,Q9-M2
CTC3702,MM,Q9-M3,Q9-M3
CTC3703,MM,Q9-M4,Q9-M4
CTC3704,MM,Quality Check,Q9-F1
CTC3705,MM,Question Mark,Q9-F2
CTC3706,MM,Qebble,Q9-F3
CTC3707,PvK,Agouti Tan Pied,
CTC3708,PvK,Blue Rosette,
CTC3709,PvK,Sylveon,
CTC3710,MM,Saffron Sweetheart,S9-M1
CTC3711,MM,S9-M2,S9-M2
CTC3712,MM,S9-M3,S9-M3
CTC3713,MM,S9-M4,S9-M4
CTC3714,MM,S9-M5,S9-M5
CTC3715,MM,S9-F1,S9-F1
CTC3716,MM,S9-F2,S9-F2
CTC3717,MM,S9-F3,S9-F3
CTC3718,MM,T9-M1,T9-M1
CTC3719,MM,T9-M2,T9-M2
CTC3720,MM,T9-M3,T9-M3
CTC3721,MM,The Whiskey Bandit,T9-M4
CTC3722,MM,T9-M5,T9-M5
CTC3723,MM,T9-F1,T9-F1
CTC3724,MM,T9-F2,T9-F2
CTC3725,MM,Triple Thunder,T9-F3
CTC3726,MM,T9-F4,T9-F4
CTC3727,MM,T9-F5,T9-F5
CTC3728,MM,R9-M1,R9-M1
CTC3729,MM,R9-M2,R9-M2
CTC3730,MM,R9-M3,R9-M3
CTC3731,MM,Ruby's Rodeo,R9-F1
CTC3732,MM,R9-F2,R9-F2
CTC3733,MM,Rockin'Robin,R9-F3
CTC3734,MM,R9-F4,R9-F4
CTC3735,MM,R9-F5,R9-F5
CTC3736,MM,Cosmo,
CTC3737,IND,Dove Tan,
CTC3738,FS,Tanner,
CTC3739,IND,Champagne Tan,
CTC3740,CoCM,Red Rover,
CTC3741,FS,Sequoia,
CTC3742,MM,Brindle Longhair Satin,
CTC3743,MM,Zorro,U9-M1
CTC3744,MM,U9-M2,U9-M2
CTC3745,MM,U9-M3,U9-M3
CTC3746,MM,Artura,U9-F1
CTC3747,MM,Buena,U9-F2
CTC3748,MV,Calida,
CTC3749,VW,Bagheera,
CTC3750,VW,Panther,
CTC3751,BE,Mittens,
CTC3752,BE,Lemur,
CTC3753,PLX,Hyra,
CTC3754,PLX,Sprite,
CTC3755,MW,Aelina,
CTC3756,IND,Ariel,
CTC3757,M3's,Adoncia,
CTC3758,M3's,Dulce,
CTC3759,CMM,Cara Cara,
CTC3760,MM,W9-F1,W9-F1
CTC3761,MM,Xyla,X9-F3
CTC3762,MM,Xephyra,X9-F3
CTC3763,MM,Xantia,X9-F4
CTC3764,MM,Y9-F1,Y9-F1
CTC3765,MM,Ambition,A10-F1
CTC3766,MM,Z9-M1,Z9-M1
CTC3767,MM,Z9-M2,Z9-M2
CTC3768,MM,Z9-M3,Z9-M3
CTC3769,MM,Z9-M4,Z9-M4
CTC3770,MM,Z9-F2,Z9-F2
CTC3771,MM,Zelda,Z9-F3
CTC3772,MM,Z9-F4,Z9-F4
CTC3773,MM,C10-M1,C10-M1
CTC3774,MM,C10-F1,C10-F1
CTC3775,MM,C10-F2,C10-F2
CTC3776,MM,C10-F3,C10-F3
CTC3777,MM,D10-F2,D10-F2
CTC3778,MM,E10-M2,E10-M2
CTC3779,MM,E10-M3,E10-M3
CTC3780,MM,Edan,E10-M4
CTC3781,MM,E10-F1,E10-F1
CTC3782,MM,E10-F2,E10-F2
CTC3783,MM,E10-F3,E10-F3
CTC3784,MM,E10-F4,E10-F4
CTC3785,MM,Fabio,F10-M2
CTC3786,MM,Fiona,F10-F2
CTC3787,MM,Flylady,F10-F3
CTC3788,MM,G10-M1,G10-M1
CTC3789,MM,G10-M2,G10-M2
CTC3790,MM,Gemini,G10-M3
CTC3791,MM,G10-M4,G10-M4
CTC3792,MM,Gaspar,G10-M5
CTC3793,MM,G10-M6,G10-M6
CTC3794,MM,G10-M7,G10-M7
CTC3795,MM,Gravy,G10-F1
CTC3796,MM,G10-F2,G10-F2
CTC3797,MM,Ignacio,I10-M1
CTC3798,MM,I10-M2,I10-M2
CTC3799,MM,I10-M4,I10-M4
CTC3800,MM,I10-F1,I10-F1
CTC3801,MM,I10-F2,I10-F2
CTC3802,MM,I10-F4,I10-F4
CTC3803,MM,I10-F5,I10-F5
CTC3804,LK,Killian Jones,
CTC3805,CMM,Clyde,
CTC3806,CMM,Gonzales,
CTC3807,CMM,Rapida,
CTC3808,CMM,Beau,
CTC3809,CMM,Cabela,
CTC3810,DA,Bachelor,
CTC3811,CMM,Beltza,
CTC3812,KP,Silly,
CTC3813,IND,Smurf,
CTC3814,M3,Marine,
CTC3815,M&M,Zara,
CTC3816,MM,Junebug,J10-F1
CTC3817,MM,J10-F4,J10-F4
CTC3818,MM,J10-F5,J10-F5
CTC3819,MM,J10-F7,J10-F7
CTC3820,MM,K10-M1,K10-M1
CTC3821,MM,K10-M3,K10-M3
CTC3822,MM,K10-M4,K10-M4
CTC3823,MM,Kashmire,K10-F1
CTC3824,MM,Keela,K10-F2
CTC3825,MM,K10-F3,K10-F3
CTC3826,MM,K10-F4,K10-F4
CTC3827,MM,Kyra,K10-F5
CTC3828,MM,K10-F6,K10-F6
CTC3829,MM,K10-F7,K10-F7
CTC3830,MM,L10-M1,L10-M1
CTC3831,MM,L10-M2,L10-M2
CTC3832,MM,Los Santos,L10-M3
CTC3833,MM,L10-F2,L10-F2
CTC3834,MM,Lydia,L10-F3
CTC3835,MM,L10-F4,L10-F4
CTC3836,MM,L10-F5,L10-F5
CTC3837,MM,M10-M1,M10-M1
CTC3838,MM,M10-M2,M10-M2
CTC3839,MM,Montego,M10-M3
CTC3840,MM,Milena,M10-F2
CTC3841,MM,M10-F3,M10-F3
CTC3842,MM,Osu!,O10-M1
CTC3843,MM,O10-M2,O10-M2
CTC3844,MM,O10-M3,O10-M3
CTC3845,MM,Ohime,O10-F3
CTC3846,MM,O10-F1,O10-F1
CTC3847,MM,Osana,O10-F2
CTC3848,MM,Pedro,P10-M1
CTC3849,MM,Preciosa,P10-F1
CTC3850,PLX,Draco,
CTC3851,FM,Stro & Mae,
CTC3852,PLX,Jaxx,
CTC3853,Dragon's,Dove Satin,
CTC3854,FM,Dove Tan,
CTC3855,PVK,Father,
CTC3856,PVK,Mother,
CTC3857,PVK,Eagle,
CTC3858,PVK,Toetsie,
CTC3859,IND,Zoomie,
CTC3860,M3,Nuda,
CTC3861,IND,Daisy,
CTC3862,CoCM,Black Merle,
CTC3863,CoCM,Red Merle,
CTC3864,MV,Kryptonite,
CTC3865,MM,N10-M1,N10-M1
CTC3866,MM,Ninety-Nine,N10-F1
CTC3867,MM,N10-F2,N10-F2
CTC3868,MM,N10-F3,N10-F3
CTC3869,MM,N10-F4,N10-F4
CTC3870,IND,Obi,
CTC3871,MM,T10-M1,T10-M1
CTC3872,MM,T10-F4,T10-F4
CTC3873,MM,U10-M4,U10-M4
CTC3874,MM,S10-M1,S10-M1
CTC3875,MM,S10-M2,S10-M2
CTC3876,MM,S10-M3,S10-M3
CTC3877,MM,S10-M4,S10-M4
CTC3878,MM,S10-M5,S10-M5
CTC3879,MM,S10-M6,S10-M6
CTC3880,MM,S10-M7,S10-M7
CTC3881,MM,S10-F1,S10-F1
CTC3882,MM,S10-F3,S10-F3
CTC3883,MM,S10-F4,S10-F4
CTC3884,MM,R10-M1,R10-M1
CTC3885,MM,R10-M2,R10-M2
CTC3886,MM,R10-M3,R10-M3
CTC3887,MM,R10-F2,R10-F2
CTC3888,MM,R10-F3,R10-F3
CTC3889,MM,R10-F4,R10-F4
CTC3890,MM,R10-F5,R10-F5
CTC3891,MM,R10-F6,R10-F6
CTC3892,MM,R10-F7,R10-F7
CTC3893,M3,Tartelette,
CTC3894,M3,brindle 1,
CTC3895,M3,brindle 2,
CTC3896,M3,brindle 3,
CTC3897,M3,brindle 4,
CTC3898,TRM,Dara,
CTC3899,TRM,Nightshade,
CTC3900,TRM,Moonshadow,
CTC3901,TRM,Dimple,
CTC3902,TRM,Deja Vu,
CTC3903,IND,Celeste,
CTC3904,RM,Sirius Black,
CTC3905,M3's,Denim,
CTC3906,M3's,Severus,
CTC3907,MM,W10-M2,W10-M2
CTC3908,MM,W10-M4,W10-M4
CTC3909,MM,Wait a Minute,W10-F1
CTC3910,MM,Whatt,W10-F2
CTC3911,MM,Watskebeurt,W10-F3
CTC3912,MM,W10-F4,W10-F4
CTC3913,MM,V10-M1,V10-M1
CTC3914,MM,V10-M2,V10-M2
CTC3915,MM,V10-M3,V10-M3
CTC3916,MM,V10-M4,V10-M4
CTC3917,MM,Virgo,V10-F3
CTC3918,MM,Vogue,V10-F4
CTC3919,DA,Chinouk,
CTC3920,DA,Sybilla,
CTC3921,SR,Rox,
CTC3922,KP,Evanna,
CTC3923,M3's,Blume,
CTC3924,BE,Cherub,
CTC3925,BE,Firefly,
CTC3926,SR,Allura,
CTC3927,M&M,Symphony,
CTC3928,M&M,Patches,
CTC3929,M&M,Splotches,
CTC3930,M&M,Paisley,
CTC3931,MM,X10-M1,X10-M1
CTC3932,MM,X10-M2,X10-M2
CTC3933,MM,X10-M3,X10-M3
CTC3934,MM,X10-M4,X10-M4
CTC3935,MM,X10-M5,X10-M5
CTC3936,MM,X10-M6,X10-M6
CTC3937,MM,Xaluca,X10-F1
CTC3938,MM,Xandy,X10-F2
CTC3939,MM,X10-F3,X10-F3
CTC3940,MM,Yosemite,Y10-M1
CTC3941,MM,Y10-M2,Y10-M2
CTC3942,MM,Y10-M3,Y10-M3
CTC3943,MM,A11-M1,A11-M1
CTC3944,MM,A11-M2,A11-M2
CTC3945,MM,A11-M4,A11-M4
CTC3946,MM,Amouranth,A11-F1
CTC3947,MM,Adoria,A11-F2
CTC3948,MM,A11-F3,A11-F3
CTC3949,MM,A11-F4,A11-F4
CTC3950,MM,A11-F5,A11-F5
CTC3951,MM,Z10-M1,Z10-M1
CTC3952,MM,Z10-M2,Z10-M2
CTC3953,MM,Z10-M3,Z10-M3
CTC3954,MM,Z10-M4,Z10-M4
CTC3955,MM,Z10-F4,Z10-F4
CTC3956,MM,Z10-F5,Z10-F5
CTC3957,MM,Z10-F6,Z10-F6
CTC3958,MM,Z10-F7,Z10-F7
CTC3959,MM,D11-M4,D11-M4
CTC3960,MM,D11-M5,D11-M5
CTC3961,MM,C11-M1,C11-M1
CTC3962,MM,C11-M2,C11-M2
CTC3963,MM,C11-M3,C11-M3
CTC3964,MM,C11-M4,C11-M4
CTC3965,MM,C11-M5,C11-M5
CTC3966,MM,C11-F5,C11-F5
CTC3967,MM,C11-F6,C11-F6
CTC3968,MM,Geisha,G10-F2
CTC3969,MM,Montana,M10-F4
CTC3970,MM,Abracadabra,A11-M3
CTC3971,MM,C10-M2,C10-M2
CTC3972,MM,C11-F3,C11-F3
CTC3973,MM,Cadee,C11-F4
CTC3974,MM,Candy,C11-F1
CTC3975,MM,Cloudy,C11-F2
CTC3976,MM,D10-F1,D10-F1
CTC3977,MM,D11-F1,D11-F1
CTC3978,MM,D11-M1,D11-M1
CTC3979,MM,D11-M2,D11-M2
CTC3980,MM,D11-M3,D11-M3
CTC3981,MM,E10-M1,E10-M1
CTC3982,MM,E11-F1,E11-F1
CTC3983,MM,E11-M1,E11-M1
CTC3984,MM,E11-M2,E11-M2
CTC3985,MM,E11-M3,E11-M3
CTC3986,MM,E11-M4,E11-M4
CTC3987,MM,F10-F4,F10-F4
CTC3988,MM,F10-M1,F10-M1
CTC3989,MM,F11-F1,F11-F1
CTC3990,MM,F11-F2,F11-F2
CTC3991,MM,F11-M1,F11-M1
CTC3992,MM,F11-M2,F11-M2
CTC3993,MM,F11-M3,F11-M3
CTC3994,MM,F11-M4,F11-M4
CTC3995,MM,F11-M5,F11-M5
CTC3996,MM,F11-M6,F11-M6
CTC3997,MM,G11-F2,G11-F2
CTC3998,MM,G11-F3,G11-F3
CTC3999,MM,G11-F4,G11-F4
CTC4000,MM,G11-M1,G11-M1
CTC4001,MM,G11-M2,G11-M2
CTC4002,MM,G11-M3,G11-M3
CTC4003,MM,G11-M4,G11-M4
CTC4004,MM,Goldielocks,G11-F1
CTC4005,MM,I10-F3,I10-F3
CTC4006,MM,I10-F6,I10-F6
CTC4007,MM,I10-F7,I10-F7
CTC4008,MM,Idai,I10-M3
CTC4009,MM,J10-F3,J10-F3
CTC4010,MM,J10-F6,J10-F6
CTC4011,MM,J10-M1,J10-M1
CTC4012,MM,K10-F8,K10-F8
CTC4013,MM,K10-M2,K10-M2
CTC4014,MM,L10-F1,L10-F1
CTC4015,MM,M10-F1,M10-F1
CTC4016,CMM,Meji Milk Chocolate,
CTC4017,MM,N10-M3,N10-M3
CTC4018,MM,Quesa,Q10-F1
CTC4019,MM,R10-F1,R10-F1
CTC4020,MM,S10-F2,S10-F2
CTC4021,MM,T10-F1,T10-F1
CTC4022,MM,U10-M2,U10-M2
CTC4023,MM,V10-F1,V10-F1
CTC4024,MM,V10-F2,V10-F2
CTC4025,MM,Xena,X9-F1
CTC4026,MM,Z10-F2,Z10-F2
CTC4027,MM,Z9-F5,Z9-F5
CTC4028,MM,Zealous,Z10-F3
CTC4029,MM,Zenith,Z10-F1
CTC4030,CMM,bombón,
CTC4031,M&M,#11290,
CTC4032,PvK,Agouti Rosette,
CTC4033,M&M,Agouti Splashed,
CTC4034,BPM,Akiro,
CTC4035,FM,Albert,
CTC4036,FM,Alphonse,
CTC4037,TnS,Altea,
CTC4038,TnS,Amae,
CTC4039,IND,Anoki,
CTC4040,,Antu Roan,
CTC4041,TnS,Anzen,
CTC4042,BPM,Arabela,
CTC4043,TnS,Azuki,
CTC4044,BPM,Azure,
CTC4045,BPM,Blossom,
CTC4046,BPM,Baileys,
CTC4047,BPM,Groupie,
CTC4048,TnS,Basan,
CTC4049,TnS,Benja,
CTC4050,IND,Billie,
CTC4051,MafiaSpade,Birel,
CTC4052,MM,Bokkepootje,
CTC4053,MM,Dante,
CTC4054,Mohanah,Calib,
CTC4055,TnS,Ceyda,
CTC4056,TnS,Ceylin,
CTC4057,TnS,Chansu,
CTC4058,TnS,Chimu,
CTC4059,LK's,Chloe Dekker,
CTC4060,IND,Choco Mousse,
CTC4061,ECLS,Choko,
CTC4062,TnS,Choko,
CTC4063,TnS,Chomei,
CTC4064,PvK,Cinnamon Rosette,
CTC4065,Dragon's,Cloud 9 Academy,
CTC4066,BPM,Cloud Nine,
CTC4067,IND,Confetti Queen,
CTC4068,BPM,Daiya,
CTC4069,TnS,Daki,
CTC4070,IND,Darwin,
CTC4071,TnS,Dashi,
CTC4072,BPM,Kahuna,
CTC4073,TnS,Deniz,
CTC4074,BPM,Desirable,
CTC4075,TnS,Dilara,
CTC4076,TnS,Dounia,
CTC4077,BPM,Ebony,
CTC4078,BE,Eclair,
CTC4079,TnS,Eikyo,
CTC4080,TnS,Elif,
CTC4081,TnS,Elity,
CTC4082,ECLS,Ellywen,
CTC4083,BPM,Emilio,
CTC4084,TnS,Sumiki,
CTC4085,TnS,Enerugi,
CTC4086,BPM,Enjo,
CTC4087,BPM,Evermore,
CTC4088,TnS,Evita,
CTC4089,MS,F BrindleH,
CTC4090,MoW,F ChampagneTan,
CTC4091,MoW,F DoveTan2,
CTC4092,BPM,Fable,
CTC4093,TnS,Kanji,
CTC4094,PvK,Ferrero,
CTC4095,M3's,Filif,
CTC4096,MoW,Fiore,
CTC4097,TnS,Gaman,
CTC4098,ECLS,Genji,
CTC4099,Dragon's,Ginkan,
CTC4100,TnS,Gomen,
CTC4101,MM,H11-F1,H11-F1
CTC4102,MM,H11-M1,H11-M1
CTC4103,MM,H11-M2,H11-M2
CTC4104,TnS,Hallina,
CTC4105,BPM,Harper,
CTC4106,TnS,Haruki,
CTC4107,TnS,Helvera,
CTC4108,TnS,Hitsuji,
CTC4109,MM,I11-M1,I11-M1
CTC4110,MM,I11-M3,I11-M3
CTC4111,MM,I11-M4,I11-M4
CTC4112,MM,I11-M5,I11-M5
CTC4113,MM,I11-M6,I11-M6
CTC4114,TnS,Ibara,
CTC4115,TnS,Igai,
CTC4116,MM,Illusion,I11-F3
CTC4117,BPM,Inaya,
CTC4118,MM,Inky Black,I11-M2
CTC4119,MM,Innocence,I11-F1
CTC4120,MM,Irish Mist,I11-F2
CTC4121,TnS,Isuzu,
CTC4122,TnS,Izaya,
CTC4123,MM,J11-F1,J11-F1
CTC4124,MM,J11-F2,J11-F2
CTC4125,MM,J11-F3,J11-F3
CTC4126,MM,J11-F4,J11-F4
CTC4127,MM,J11-M1,J11-M1
CTC4128,MM,J11-M2,J11-M2
CTC4129,MM,J11-M3,J11-M3
CTC4130,MM,J11-M4,J11-M4
CTC4131,BPM,Jaicy,
CTC4132,BPM,Javon,
CTC4133,BPM,Jillz,
CTC4134,PvK,Joekel,
CTC4135,TnS,Jokei,
CTC4136,MM,K11-M2,K11-M2
CTC4137,MM,K11-M4,K11-M4
CTC4138,MM,K11-M5,K11-M5
CTC4139,TnS,Kaede,
CTC4140,TnS,Kaku,
CTC4141,BPM,Kanína,
CTC4142,ECLS,Katsu,
CTC4143,TnS,Kawaii,
CTC4144,TnS,Keiki,
CTC4145,ECLS,Keiko,
CTC4146,MM,Kimmy,K11-F2
CTC4147,MM,King Julian,K11-M3
CTC4148,BPM,Kiss,
CTC4149,TnS,Kiyo,
CTC4150,IND,Klara,
CTC4151,MM,Knut,K11-M6
CTC4152,ECLS,Kokuyo,
CTC4153,ECLS,Kovu,
CTC4154,MM,L11-F6,L11-F6
CTC4155,Dragon's,Leveä,
CTC4156,TnS,Lumiko,
CTC4157,BPM,Lunia,
CTC4158,IND,Lutin,
CTC4159,TnS,Lyoko,
CTC4160,MS,M BlueH,
CTC4161,MoW,M DoveTan,
CTC4162,MoW,M DoveTan2,
CTC4163,BPM,Macchiato,
CTC4164,BPM,Maeko,
CTC4165,BPM,Maestro,
CTC4166,LR,Maho,
CTC4167,BPM,Maisah,
CTC4168,TnS,Makura,
CTC4169,TnS,Malika,
CTC4170,TnS,Mamiya,
CTC4171,M&M,Marcela,
CTC4172,IND,Masaru,
CTC4173,BPM,Mexy,
CTC4174,TnS,Mikoto,
CTC4175,M&M,Milosz,
CTC4176,FM,Moquette,
CTC4177,TnS,Moriko,
CTC4178,IND,Mr Moquette,
CTC4179,PvK,Ms. Fury,
CTC4180,MV,Muchacha,
CTC4181,RR,Nacho,
CTC4182,TnS,Namiya,
CTC4183,ECLS,Naoki,
CTC4184,PvK,Nelia,
CTC4185,M&M,New Beginning,
CTC4186,TnS,Nizu,
CTC4187,Dragon's,Novarupta,
CTC4188,TnS,Odara,
CTC4189,TnS,Oiwai,
CTC4190,TnS,Olente,
CTC4191,Dragon's,Oria,
CTC4192,LK's,Otis Milburn,
CTC4193,MM,Petit,P11-F1
CTC4194,MV,Pinto,
CTC4195,FM,Pirania,
CTC4196,IND,Plata,
CTC4197,TnS,Poko,
CTC4198,TnS,Purin,
CTC4199,TnS,Purple,
CTC4200,MM,Q-Tip,Q11-M2
CTC4201,MM,Q11-M1,Q11-M1
CTC4202,TnS,Qatsu,
CTC4203,MM,R11-F1,R11-F1
CTC4204,MM,R11-F5,R11-F5
CTC4205,MM,R11-M2,R11-M2
CTC4206,MM,R11-M4,R11-M4
CTC4207,TnS,Ranshi,
CTC4208,TnS,Rena,
CTC4209,TnS,Rippa,
CTC4210,BE,Rosa,
CTC4211,Dragon's,Rurik,
CTC4212,TnS,Ruvi,
CTC4213,Mohanah,Rzeka,
CTC4214,MM,S11-F1,S11-F1
CTC4215,MM,S11-F2,S11-F2
CTC4216,MM,S11-F3,S11-F3
CTC4217,MM,S11-F4,S11-F4
CTC4218,MM,S11-F5,S11-F5
CTC4219,MM,S11-F6,S11-F6
CTC4220,MM,S11-F7,S11-F7
CTC4221,MM,S11-M1,S11-M1
CTC4222,ECLS,Sansa,
CTC4223,ECLS,Shaini,
CTC4224,IND,Shino,
CTC4225,FM,Sigurd,
CTC4226,ECLS,Skadi,
CTC4227,IND,Slit,
CTC4228,IND,Sombra,
CTC4229,MS,Sophia,
CTC4230,FM,Sophie,
CTC4231,MV,Spitfire,
CTC4232,Dragon's,Steps Challence,
CTC4233,MM,Rue,
CTC4234,MM,Prim,
CTC4235,Dragon's,Sun,
CTC4236,MoW,Sundance,
CTC4237,MM,T11-F4,T11-F4
CTC4238,MM,T11-M2,T11-M2
CTC4239,MM,T11-M3,T11-M3
CTC4240,MM,T11-M4,T11-M4
CTC4241,MM,T11-M5,T11-M5
CTC4242,MM,T11-M6,T11-M6
CTC4243,Mysigonek,Talila,
CTC4244,FM,Tamago,
CTC4245,TnS,Tamaka,
CTC4246,TnS,Tenka,
CTC4247,MM,Tip,
CTC4248,TnS,Tonbo,
CTC4249,MM,Top,L11-F3
CTC4250,TnS,Torii,
CTC4251,MM,Trasher,
CTC4252,TnS,Uzume,
CTC4253,TnS,V'Ikura,
CTC4254,TnS,V'Ishi,
CTC4255,Mysigonek,Valeska,
CTC4256,TnS,Venla,
CTC4257,TnS,Wahei,
CTC4258,TnS,Wanja,W10-F5
CTC4259,TnS,X'Eiri,
CTC4260,TnS,Xaina,
CTC4261,Mohanah,Xiaomi,
CTC4262,TnS,Xumika,
CTC4263,TnS,Yasuro,
CTC4264,Tns,Ylva,
CTC4265,ECLS,Yoru,
CTC4266,TnS,Yoshiko,
CTC4267,TnS,Yuuhi,
CTC4268,TnS,Yzak,
CTC4269,TnS,Zan,
CTC4270,TnS,Zehi,
CTC4271,MV,Zenga,
CTC4272,TnS,Zeno,
CTC4273,,Zephyrean Kuohukerma,
CTC4274,TnS,Zutto,
CTC4275,MM,K-F1,K-F1
CTC4276,MM,K-F2,K-F2
CTC4277,MM,K-F3,K-F3
CTC4278,MM,U11-M1,U11-M1
CTC4279,MM,U11-M2,U11-M2
CTC4280,MM,V-F1,V-F1
CTC4281,MM,V-F2,V-F2
CTC4282,MM,B12-F1,B12-F1
CTC4283,MM,B12-F5,B12-F5
CTC4284,MM,B12-F7,B12-F7
CTC4285,MM,B12-M1,B12-M1
CTC4286,MM,B12-M2,B12-M2
CTC4287,MM,B12-M3,B12-M3
CTC4288,MM,B12-M4,B12-M4
CTC4289,MM,B12-M5,B12-M5
CTC4290,MM,X11-F2,X11-F2
CTC4291,MM,X11-F4,X11-F4
CTC4292,MM,X11-M1,X11-M1
CTC4293,MM,X11-M2,X11-M2
CTC4294,MM,X11-M3,X11-M3
CTC4295,MM,X11-M4,X11-M4
CTC4296,MM,X11-M5,X11-M5
CTC4297,MM,X11-M6,X11-M6
CTC4298,MM,X11-M7,X11-M7
CTC4299,MM,X11-M8,X11-M8
CTC4300,MM,Y11-F1,Y11-F1
CTC4301,MM,Y11-F2,Y11-F2
CTC4302,MM,Y11-F3,Y11-F3
CTC4303,MM,Y11-F4,Y11-F4
CTC4304,MM,Y11-F5,Y11-F5
CTC4305,MM,Y11-M1,Y11-M1
CTC4306,MM,Y11-M2,Y11-M2
CTC4307,MM,Y11-M3,Y11-M3
CTC4308,MM,Y11-M4,Y11-M4
CTC4309,MM,Y11-M5,Y11-M5
CTC4310,MM,Y11-M6,Y11-M6
CTC4311,MM,Y11-M7,Y11-M7
CTC4312,MM,Z11-F3,Z11-F3
CTC4313,MM,Z11-M2,Z11-M2
CTC4314,MM,Z11-M3,Z11-M3
CTC4315,MM,Z11-M4,Z11-M4
CTC4316,MM,Z11-M6,Z11-M6
CTC4317,MM,Ocean,X11-F3
CTC4318,MM,River,X11-F1
CTC4319,MM,Rollie,Y11-M1
CTC4320,MM,X-Rated,X11-F5
CTC4321,LK,Natsu,
CTC4322,FF,Castro,
CTC4323,PvK,Rubi,
CTC4324,SM,ANJA,
CTC4325,SM,ANJA 1,
CTC4326,SM,ANJA 3,
CTC4327,SM,ANJA 4,
CTC4328,SM,CHEYENNE,
CTC4329,SM,CHEYENNE 1,
CTC4330,SM,CHEYENNE 2,
CTC4331,SM,CHEYENNE 4,
CTC4332,SM,CHEYENNE 5,
CTC4333,MM,Coco,C7-M6
CTC4334,MJ,Dark Matter,
CTC4335,N,Ginny,
CTC4336,SM,KARIN 1,
CTC4337,SM,KARIN 2,
CTC4338,SM,KARIN 3,
CTC4339,MM,Lagertha,
CTC4340,MM,Minerva,
CTC4341,SM,REHOMED 1,
CTC4342,SM,REHOMED 2,
CTC4343,SM,REHOMED 3,
CTC4344,SM,REHOMED 4,
CTC4345,SM,REHOMED 5,
CTC4346,SM,REHOMED 6,
CTC4347,SM,REHOMED 7,
CTC4348,SM,REHOMED 8,
CTC4349,SM,REHOMED 9,
CTC4350,SM,STAY,
CTC4351,SM,STAY 1,
CTC4352,CMM,1166 Yona of the Dawn,1166
CTC4353,MF,1172 Alisha,1172
CTC4354,MF,1174 Alisha,1174
CTC4355,M3's,294 Mystery,294
CTC4356,Mysigonek,477 Gamerboy,477
CTC4357,Mysigonek,478 Zuzia,478
CTC4358,Mysigonek,601 Sebix,601
CTC4359,Mysigonek,602 Yndra,602
CTC4360,Mysigonek,603 Yak Pesto,603
CTC4361,Phantom,604,604
CTC4362,Phantom,605 Hrumcia,605
CTC4363,Mysigonek,606 Duch,606
CTC4364,Mysigonek,607 Z Gryzakowa,607
CTC4365,Phantom,608 Imbir,608
CTC4366,Phantom,609 Szalwia,609
CTC4367,Mysigonek,611,611
CTC4368,Mysigonek,612 Trochu Zajunc,612
CTC4369,Mysigonek,613 Hrabina,613
CTC4370,Mysigonek,614 Phosphor,614
CTC4371,Mysigonek,615 Oconn,615
CTC4372,Mysigonek,616 Pretty Kaiko,616
CTC4373,Mysigonek,617 Ori,617
CTC4374,Mysigonek,618 Kiki,618
CTC4375,Mysigonek,619 Cejlon,619
CTC4376,Mysigonek,620 Leach,620
CTC4377,Mysigonek,621 Cyjanek,621
CTC4378,Mysigonek,622 Wizja,622
CTC4379,Mysigonek,623 Fiji,623
CTC4380,Mysigonek,625 Happy Panda,625
CTC4381,Mysigonek,626 Bodzio z Gryzakowa,626
CTC4382,Mysigonek,627 Bryza,627
CTC4383,FromMouseHouse,628 Leos,628
CTC4384,Mysigonek,629 Akacja,629
CTC4385,Mysigonek,630 Fluffik,630
CTC4386,Mysigonek,633 Attie,633
CTC4387,Mysigonek,635 Marble z Gryzakowa,635
CTC4388,MS,637 Ucinka,637
CTC4389,Mysigonek,639 Okrajka z Gryzakowa,639
CTC4390,Mysigonek,640 Bazylia z Gryzakowa,640
CTC4391,Mysigonek,642 Nylon,642
CTC4392,Mysigonek,643 Wydra,643
CTC4393,Mysigonek,661 Buick,661
CTC4394,Mysigonek,662 Mabel,662